<?xml version="1.0" encoding="UTF-8"?>
<project-private xmlns="http://www.netbeans.org/ns/project-private/1">
    <editor-bookmarks xmlns="http://www.netbeans.org/ns/editor-bookmarks/2" lastBookmarkId="0"/>
    <open-files xmlns="http://www.netbeans.org/ns/projectui-open-files/2">
        <group>
            <file>file:/Users/Davidcp97/Documents/POO/Java/Algoritmos_Y_Programacion_4/Practica_1/src/practica_1/Practica_1.java</file>
            <file>file:/Users/Davidcp97/Documents/POO/Java/Algoritmos_Y_Programacion_4/Practica_1/src/practica_1/Productos_Banco.java</file>
            <file>file:/Users/Davidcp97/Documents/POO/Java/Algoritmos_Y_Programacion_4/Practica_1/src/practica_1/Cliente.java</file>
        </group>
    </open-files>
</project-private>
